title,name,address,parution_date
STAGE CYBERSÉCURITÉ PIX (H/F),Thales,"78140 Vélizy-Villacoublay, France","févr. 23, 2023"
STAGE CYBERSÉCURITÉ CLOUD (H/F),Thales,"78140 Vélizy-Villacoublay, France","févr. 23, 2023"
Stage CyberSécurité PIX H/F,Thales,"78140 Vélizy-Villacoublay, France","févr. 01, 2023"
STAGE - Cybersécurité F/H,Thales,"94150 Rungis, France","févr. 01, 2023"
Stage CyberSécurité Cloud H/F,Thales,"78140 Vélizy-Villacoublay, France","févr. 01, 2023"
Stage - Cybersécurité,IDEMIA,"95520 Osny, France","févr. 15, 2023"
STAGE - INGÉNIEUR CRÉATION D'UN ENVIRONNEMENT LUDIQUE DE FORMATION AUX BONS COMPORTEMENTS À AVOIR EN CAS D'ATTAQUES CYBERSÉCURITÉ POUR LES AIRLINES - (H/F),Thales,"Toulouse, France","févr. 23, 2023"
STAGE - Adaptation des outils MBSA pour les analyses cybersécurité produit F/H,Safran Aircraft Engines,"77550 Moissy-Cramayel, France","févr. 09, 2023"
STAGE - Ingénieur(e) Cybersécurité (H/F),Thales,"Toulouse, France","févr. 01, 2023"
STAGE Ingénieur Cybersecurity high assurance Software - H/F,Thales,"92230 Gennevilliers, France","févr. 01, 2023"
