id,category,link
0, liens ,https://www.stage.fr/job/4373156/stage-cybersécurité-pix-h-f/
1, liens ,https://www.stage.fr/job/4373104/stage-cybersécurité-cloud-h-f/
2, liens ,https://www.stage.fr/job/4153584/stage-cybersécurité-pix-h-f/
3, liens ,https://www.stage.fr/job/4150109/stage-cybersécurité-f-h/
4, liens ,https://www.stage.fr/job/4149588/stage-cybersécurité-cloud-h-f/
5, liens ,https://www.stage.fr/job/4289961/stage-cybersécurité/
6, liens ,https://www.stage.fr/job/4285144/stage-cybersécurité/
7, liens ,https://www.stage.fr/job/4373301/stage-ingénieur-création-d-un-environnement-ludique-de-formation-aux-bons-comportements-à-avoir-en-cas-d-attaques-cybersécurité-pour-les-airlines-h-f/
8, liens ,https://www.stage.fr/job/4371806/stage-chef-de-projet-cybersécurité-f-h/
9, liens ,https://www.stage.fr/job/4350662/stage-ingénieur-système-et-devops-cybersécurité-h-f/
10, liens ,https://www.stage.fr/job/4267237/consultants-stagiaires-en-cybersécurité-h-f-stage/
11, liens ,https://www.stage.fr/job/4250635/stage-adaptation-des-outils-mbsa-pour-les-analyses-cybersécurité-produit-f-h/
12, liens ,https://www.stage.fr/job/4197385/chargé-e-de-mission-cybersécurité-stage-f-h/
13, liens ,https://www.stage.fr/job/4188254/consultants-stagiaires-en-cybersécurité-h-f-stage/
14, liens ,https://www.stage.fr/job/4182740/chargé-e-de-mission-cybersécurité-stage-f-h/
15, liens ,https://www.stage.fr/job/4150764/stage-ingénieur-e-cybersécurité-h-f/
16, liens ,https://www.stage.fr/job/4147667/stage-ingénieur-création-d-un-environnement-ludique-de-formation-aux-bons-comportements-à-avoir-en-cas-d-attaques-cybersécurité-pour-les-airlines-f-h/
17, liens ,https://www.stage.fr/job/4128694/stage-analyste-threat-intelligence-cybersécurité-h-f/
18, liens ,https://www.stage.fr/job/4373235/stage-ingénieur-cybersecurity-high-assurance-software-h-f/
19, liens ,https://www.stage.fr/job/4147698/stage-ingénieur-cybersecurity-high-assurance-software-h-f/
